id;company;created;last_modified
1;mobile Fish;2019-07-24;2019-07-24T18:15:49
2;Table Computer;2019-07-25;2019-07-24T21:36:33
3;seamless Metal deposit;2019-07-25;2019-07-24T09:21:13
4;parsing red Chips;2019-07-25;2019-07-24T17:48:42
5;Home Loan Account;2019-07-25;2019-07-24T22:15:52
6;intangible;2019-07-24;2019-07-24T23:02:04
7;Gorgeous Frozen Pants;2019-07-25;2019-07-24T21:41:08
8;bluetooth;2019-07-25;2019-07-24T23:27:08
9;Planner Canyon;2019-07-24;2019-07-24T18:03:01
10;Table Small Frozen Sausages Planner;2019-07-24;2019-07-24T23:22:52
